machine_id,name,line,type,manufacturer,model,installed_year,status,health_score,x_m,y_m,z_m
CNC-01,CNC Machining Center 1,CNC_LINE,CNC,DMG MORI,DMU 50,2019,HEALTHY,90,6,18,0.0
CNC-02,CNC Machining Center 2,CNC_LINE,CNC,DMG MORI,DMU 50,2019,HEALTHY,94,15,18,0.0
CNC-03,CNC Machining Center 3,CNC_LINE,CNC,Haas,VF-4SS,2018,CRITICAL,42,24,18,0.0
CNC-04,CNC Machining Center 4,CNC_LINE,CNC,Haas,VF-4SS,2018,HEALTHY,88,33,18,0.0
CNC-05,CNC Turning Center 1,CNC_LINE,CNC,Mazak,QT-250,2020,HEALTHY,92,42,18,0.0
CNC-06,CNC Turning Center 2,CNC_LINE,CNC,Mazak,QT-250,2020,WARNING,74,51,18,0.0
CNC-07,CNC Machining Center 5,CNC_LINE,CNC,Okuma,Genos M560,2021,HEALTHY,87,60,18,0.0
CNC-08,CNC Machining Center 6,CNC_LINE,CNC,Okuma,Genos M560,2021,HEALTHY,96,69,18,0.0
PRS-01,Hydraulic Press 1,PRESS_LINE,PRESS,Schuler,PH 315,2017,HEALTHY,96,10,34,0.0
PRS-02,Hydraulic Press 2,PRESS_LINE,PRESS,Schuler,PH 315,2017,HEALTHY,87,19,34,0.0
PRS-03,Hydraulic Press 3,PRESS_LINE,PRESS,Enerpac,IPM2500,2016,MAINTENANCE,81,28,34,0.0
PRS-04,Hydraulic Press 4,PRESS_LINE,PRESS,Dake,B-650,2019,HEALTHY,90,37,34,0.0
ASM-01,Assembly Robot Cell 1,ASSEMBLY_LINE,ASSEMBLY,Fanuc,M-20iD,2020,HEALTHY,96,8,2,0.0
ASM-02,Assembly Robot Cell 2,ASSEMBLY_LINE,ASSEMBLY,Fanuc,M-20iD,2020,HEALTHY,96,16,2,0.0
ASM-03,Assembly Robot Cell 3,ASSEMBLY_LINE,ASSEMBLY,ABB,IRB 4600,2021,HEALTHY,93,24,2,0.0
ASM-04,Assembly Robot Cell 4,ASSEMBLY_LINE,ASSEMBLY,ABB,IRB 4600,2021,HEALTHY,88,32,2,0.0
ASM-05,Assembly Robot Cell 5,ASSEMBLY_LINE,ASSEMBLY,KUKA,KR CYBERTECH,2022,HEALTHY,88,40,2,0.0
PKG-01,Case Packer 1,PACKAGING_LINE,PACKAGING,Bosch,Sigpack TTM,2019,HEALTHY,90,12,50,0.0
PKG-02,Palletizer 1,PACKAGING_LINE,PACKAGING,Fanuc,M-410iC,2020,HEALTHY,90,21,50,0.0
PKG-03,Stretch Wrapper 1,PACKAGING_LINE,PACKAGING,Lantech,Q300,2018,HEALTHY,89,30,50,0.0
PKG-04,Labeler 1,PACKAGING_LINE,PACKAGING,Videojet,2380,2017,OFFLINE,,39,50,0.0
QLT-01,CMM Station 1,QUALITY_LINE,QUALITY,Zeiss,CONTURA,2019,HEALTHY,87,14,66,0.0
QLT-02,Vision Inspection 1,QUALITY_LINE,QUALITY,Keyence,CV-X,2021,HEALTHY,91,26,66,0.0
QLT-03,CMM Station 2,QUALITY_LINE,QUALITY,Mitutoyo,CRYSTA,2020,HEALTHY,96,38,66,0.0
