chunk_id,machine_type,document_type,title,content,related_part_id,source_document
KC-001,CNC,procedure,Spindle bearing replacement - removal and fit,"Isolate and lock out the machine. Release spindle drawbar tension and remove the tool holder and front cover. Support the spindle cartridge, remove the retaining ring and pull the front bearing assembly. Fit the new 7014 CTYNDUL P4 axial bearing (part BRG-AX-17) using an induction heater at 90 C; never hammer a precision bearing. Torque the retaining nut to 45 Nm in three stages.",BRG-AX-17,MA-CNC-SP-001
KC-002,CNC,procedure,Spindle bearing replacement - run-in and acceptance,"After bearing replacement (BRG-AX-17), run the spindle-in schedule: 10 min at 20% speed, 10 min at 40%, 10 min at 60% with 5-minute cool-down gaps. Acceptance: housing temperature below 55 C and vibration below 2.8 mm/s RMS at 8000 rpm. Record final values in the CMMS before closing the work order.",BRG-AX-17,MA-CNC-SP-002
KC-003,CNC,sop,Spindle bearing failure symptoms and alarm limits,"Early symptoms of spindle bearing wear: rising vibration RMS (above 4.5 mm/s at speed), bearing housing temperature above 68 C at nominal load, increased motor current at constant feed, and a rough or gritty noise under rotation. Confirm with an envelope spectrum: bearing defect frequencies (BPFO/BPFI) indicate raceway damage. Replace the bearing (BRG-AX-17) before vibration exceeds ISO 10816 zone D.",BRG-AX-17,MA-CNC-SP-003
KC-004,CNC,manual,ISO 10816 vibration severity zones for machining centres,Vibration RMS guidelines for spindles measured on the bearing housing: Zone A (good) below 2.8 mm/s; Zone B (acceptable) 2.8 to 4.5 mm/s; Zone C (unsatisfactory - plan maintenance) 4.5 to 7.1 mm/s; Zone D (danger - stop the machine) above 7.1 mm/s. Trend the weekly reading; a doubling of RMS within 30 days is an early warning regardless of absolute zone.,,MA-CNC-VB-010
KC-005,CNC,repair_note,CNC-03 May 2026 bearing repair findings,"During the May 2026 repair of CNC-03, the removed front bearing showed brinelling on the outer race and grease with metallic particles. Root cause: grease interval exceeded by 6 weeks combined with coolant mist ingress. Corrective actions: shorten greasing interval to 400 spindle-hours and verify labyrinth seals at every quarterly PM. Part used: BRG-AX-17.",BRG-AX-17,RN-CNC-03-2026-05
KC-006,CNC,sop,Spindle greasing interval and grease quantity,"Grease spindle bearings (BRG-AX-17 fitted machines) every 400 spindle-hours or 8 weeks, whichever comes first. Quantity: 3.5 g per bearing using the specified high-speed spindle grease (LUB-GR-02). Over-greasing causes heat; log every top-up in the CMMS against the machine asset number.",LUB-GR-02,MA-CNC-LB-011
KC-007,CNC,bulletin,Bearing temperature alarm thresholds,"Factory bulletin: bearing temperature alarms for CNC machining centres are set at 65 C (warning) and 72 C (critical). If temperature rises more than 5 C in 24 hours at constant load, inspect the bearing and coolant system the same shift. Do not silence the alarm without a recorded inspection.",BRG-AX-17,BU-CNC-TM-004
KC-008,CNC,procedure,Coolant system concentration and filter service,"Check coolant concentration daily with a refractometer; target 8 to 10 percent for aluminium, 6 to 8 percent for steel. Replace the 25 um filter cartridge (FLT-CN-22) when differential pressure exceeds 1.8 bar or at every quarterly PM. Low coolant pressure below 5.5 bar at speed indicates pump wear or a blocked filter - both accelerate bearing wear.",FLT-CN-22,MA-CNC-CL-012
KC-009,CNC,manual,Spindle drift compensation and geometry check,"Thermal spindle drift beyond 12 um at the nose requires a geometry check: verify level and square of the headstock, re-run the ballbar test, and update the thermal compensation table. Persistent drift with normal temperatures indicates bearing preload loss - inspect the bearing pack (BRG-AX-17 machines).",,MA-CNC-GM-013
KC-010,CNC,sop,Heat dissipation failure mode (HDF) response,"An HDF-style failure is indicated when the air-to-process temperature difference falls below 8.6 K while rotational speed is below 1380 rpm. Response: verify cabinet and spindle cooling fans, clean heat exchangers, check coolant level and flow, and only then restart. Repeated HDF events justify a cooling system overhaul before the next production campaign.",,MA-CNC-HT-014
KC-011,CNC,repair_note,Overstrain failure on CNC-05 (case note),CNC-05 tripped on overstrain after an operator ran a dull tool at high feed: torque and tool wear product exceeded the machine limit. Action: tool life management rules updated; feed overrides now logged. No bearing damage found; vibration normal after tool change.,,RN-CNC-05-2026-02
KC-012,CNC,sop,Tool wear limits by material,"Replace milling tools at 200 to 240 minutes of cumulative wear (H variant 5 min added, M 3 min, L 2 min per tool change). Running past the wear limit raises torque and bearing load and is the leading cause of overstrain trips on the CNC line. The CMMS blocks auto-release of tools past the wear limit.",,MA-CNC-TL-015
KC-013,CNC,manual,Motor current as a bearing health indicator,"Track motor current at a repeatable cycle. A bearing under mechanical stress raises current 5 to 10 percent at constant feed before vibration alarms trigger. Investigate any sustained current rise above 10 percent from the 30-day baseline: check belt tension, tool condition, then the spindle bearing.",,MA-CNC-EL-016
KC-014,PRESS,procedure,Hydraulic press quarterly PM checklist,"Quarterly press PM: replace hydraulic return filter (FLT-HY-07), sample oil for particle count, inspect hoses for abrasion, test relief valve at 110 percent of set pressure, verify ram alignment and gibs, and grease the crankshaft bearings (BRG-PR-04 machines). Record oil temperature at full stroke; above 55 C indicates cooler fouling.",FLT-HY-07,MA-PRS-PM-020
KC-015,PRESS,sop,Hydraulic leak response,"On any hydraulic leak: stop the press, de-pressurise, place drip containment, and fit the 80 mm seal kit (HYD-AS-11) if the leak is from the ram gland. Never run a press below minimum tank level - pump cavitation destroys the pump and overheats the circuit. Log the leak location for the trend.",HYD-AS-11,MA-PRS-HY-021
KC-016,PRESS,manual,Press overstrain protection,"The press control stops the stroke when force exceeds 110 percent of the job setpoint. Repeated overstrain trips indicate double blanking, wrong material gauge or die wear. Reset only after physical inspection. Overstrain events above 3 per month require a die maintenance review.",,MA-PRS-OS-022
KC-017,PRESS,repair_note,PRS-02 crankshaft bearing replacement,"Replaced the crankshaft roller bearing (BRG-PR-04) after a 6.8 mm/s RMS vibration finding. The inner race showed spalling at the load zone. New bearing fitted with 0.02 mm shaft interference, heated to 110 C. Post-repair vibration 1.9 mm/s. Grease interval extended records attached.",BRG-PR-04,RN-PRS-02-2026-01
KC-018,PRESS,bulletin,Press hydraulic oil specification,Use ISO VG46 hydraulic oil (LUB-HY-05) exclusively. Mixing brands causes additive drop-out and filter blinding. Target cleanliness ISO 4406 18/16/13; sample quarterly. Water content above 200 ppm requires oil change and cooler leak test.,LUB-HY-05,BU-PRS-OI-023
KC-019,PRESS,sop,Press lockout-tagout,"Before any press intervention: energy isolation at the main disconnect, release accumulators to zero on the gauge, apply personal locks, and verify by attempting a start. Two-person rule applies for work under the ram. Failure to follow LOTO is a stop-work violation.",,MA-PRS-SF-024
KC-020,ASSEMBLY,procedure,Robot axis timing belt replacement,"For belt-slip alarms on axis 2 or 3: jog the axis to the service position, release the belt tensioner, replace the HTD-5M timing belt (BLT-AS-03), re-tension to the manufacturer mark, and re-run the axis zero master. Verify repeatability with a dial indicator: below 0.05 mm over 20 cycles.",BLT-AS-03,MA-ASM-BL-030
KC-021,ASSEMBLY,sop,Robot servo fault triage,"Servo faults on assembly robots: check the drive error code, inspect the encoder cable for chafing at the dress pack, and measure motor current at the faulted axis. A power module swap (ELT-PS-12) is the last step after cables and brakes are excluded. Reset the fault history after the repair.",ELT-PS-12,MA-ASM-SV-031
KC-022,ASSEMBLY,manual,Robot repeatability audit,"Monthly repeatability audit: run the 20-point circle program, record worst-point deviation. Alarm limit 0.1 mm; investigate backlash, belt tension and mounting bolts if exceeded. Rising deviation with normal belts points to harmonic drive wear - schedule the gearbox inspection.",,MA-ASM-RA-032
KC-023,ASSEMBLY,repair_note,ASM-03 axis 2 belt slip (open item),ASM-03 reported intermittent axis 2 belt slip during heavy cycles. Belt replaced (BLT-AS-03); tensioner mark verified. Watching for recurrence: two more events within 30 days would justify tensioner replacement and encoder cable inspection.,BLT-AS-03,RN-ASM-03-2026-09
KC-024,ASSEMBLY,sop,Gripper maintenance and wear parts,Inspect gripper fingers weekly for wear flats; replace pads at 0.5 mm wear. Misalignment from worn pads causes dropped parts and robot stops that look like servo faults. Keep one spare finger set per cell in the line-side bin.,,MA-ASM-GR-033
KC-025,ASSEMBLY,bulletin,Robot dress-pack cable care,Bulletin: encoder and power cables fail at the dress pack first. Inspect for outer jacket wear at every PM; a chafed encoder cable produces intermittent servo faults that mimic drive failures. Replace the dress pack at 3 years regardless of appearance.,,BU-ASM-CB-034
KC-026,PACKAGING,procedure,Palletizer slewing bearing inspection,"Inspect the palletizer slewing ring (BRG-PK-09) quarterly: rotate manually and feel for stepping, check grease condition, measure axial play (limit 0.8 mm). Play above limit or rough rotation requires the bearing to be scheduled for replacement - lead time is 30 days, so plan ahead.",BRG-PK-09,MA-PKG-SB-040
KC-027,PACKAGING,sop,Conveyor belt tracking and replacement,Track belts with the machine running at low speed; adjust the snub rollers in quarter turns. Replace SPZ V-belts (BLT-PK-05) when cracks appear on the underside or when slippage exceeds 5 percent of rated tension. Always replace belts in full sets per conveyor.,BLT-PK-05,MA-PKG-BL-041
KC-028,PACKAGING,repair_note,PKG-04 labeler drive fault (open),PKG-04 labeler stopped with a drive overcurrent fault on 2026-10-01. Initial inspection found insulation damage on the drive motor. Machine left OFFLINE pending motor spare; work order to be raised. Production moved to the backup carton line meanwhile.,,RN-PKG-04-2026-10
KC-029,PACKAGING,manual,Labeler registration troubleshooting,"Misregistered labels: verify sensor gain against label backing, check the product divider timing, and inspect the applicator pad vacuum. Registration drift with clean sensors indicates encoder wheel wear on the product chain.",,MA-PKG-LB-042
KC-030,PACKAGING,sop,Stretch wrapper carriage service,"Service the stretch wrapper carriage every 6 months: replace carriage rollers (LGT-PK-11) in pairs, grease the mast chain, and verify film pre-stretch percentage (target 250 percent plus or minus 20).",LGT-PK-11,MA-PKG-WR-043
KC-031,PACKAGING,bulletin,Carton line backup plan,"When PKG-04 (labeler) is down, run pre-labelled cartons through the backup carton line at 60 percent rate. The backup line has no print-and-apply capability; labels are applied off-line. Notify planning so shift output targets are adjusted.",,BU-PKG-OP-044
KC-032,QUALITY,procedure,CMM annual verification,"Annual CMM verification (QLT-01, QLT-03): run the ball bar and gauge block tests, verify stylus tips (GN-QLT-06 set), compensate for temperature (target 20 C plus or minus 0.5), and file the certificate. A failed length test requires a manufacturer calibration visit before parts release continues.",GN-QLT-06,MA-QLT-CM-050
KC-033,QUALITY,sop,Vision system false reject response,"Rising false rejects on the vision station: clean the dome and ring lights, verify part presentation fixtures, and re-teach the golden sample. If false rejects persist after re-teach, replace the lighting unit before suspecting the camera.",,MA-QLT-VS-051
KC-034,QUALITY,manual,CMM probe styli handling,Handle CMM styli (GN-QLT-06) with gloves; skin oils degrade ruby seating. Verify each stylus after crash or doubt using the reference sphere; reject any stylus with a damaged ruby. Broken styli cause silent measurement drift.,GN-QLT-06,MA-QLT-PR-052
KC-035,QUALITY,sop,Calibration drift escalation,"When a gauge or station shows calibration drift beyond half the product tolerance, quarantine the measurements since the last good verification and escalate to quality engineering the same day. Never adjust calibration factors without a recorded verification afterwards.",,MA-QLT-CD-053
KC-036,QUALITY,bulletin,Quality dip review trigger,"A rising scrap rate on any line (more than 1.5 percentage points above its 30-day baseline) triggers a quality review within 24 hours. For CNC machines, first check tool wear compliance, then spindle condition - bearing wear shows up as surface finish chatter before vibration alarms.",,BU-QLT-QR-054
KC-037,ALL,sop,Work order lifecycle in the CMMS,"Work orders move through PROPOSED (created by the reliability agent or planner), SCHEDULED (assigned a window), IN_PROGRESS (technician started), COMPLETED (parts and time booked). Only PROPOSED and SCHEDULED orders can be cancelled. Every completed order requires failure mode and parts used recorded.",,MA-PLT-WO-060
KC-038,ALL,sop,Spare parts reorder policy,"Reorder when stock reaches the reorder point: raise a purchase request the same day citing lead time. Critical spares (bearings, servo modules) keep safety stock at the reorder point; running a critical spare below its reorder point requires the maintenance manager's sign-off and a mitigation note.",,MA-PLT-SR-061
KC-039,ALL,sop,Lockout-tagout (LOTO) plant standard,"All maintenance under LOTO: identify every energy source (electrical, hydraulic, pneumatic, gravity), isolate, dissipate stored energy, lock and tag, then verify zero energy by attempted start. One lock per person. Group lockboxes for multi-trade jobs.",,MA-PLT-SF-062
KC-040,ALL,procedure,Vibration monitoring program,"Route-based vibration readings are taken weekly on CNC and press assets (monthly on others) with a portable analyser: velocity RMS 10-1000 Hz on the bearing housing, plus envelope spectrum for rolling element bearings. Trends go into the CMMS; the reliability agent reads the same history.",,MA-PLT-VM-063
KC-041,ALL,sop,Oil analysis sampling,"Quarterly oil samples from presses and gearboxes: particle count, water content, viscosity and spectrometry. Iron above 150 ppm or copper above 50 ppm triggers a wear-metal investigation. Sample from the return line mid-stream while the machine runs.",,MA-PLT-OA-064
KC-042,ALL,bulletin,Preventive maintenance calendar policy,"The PM calendar is protected: planned maintenance windows are scheduled on weekend shifts first (lowest production impact), then shift overlaps. Friday runs a half shift, Saturday and Sunday one shift each. Moving a PM window requires the planner's approval 48 hours in advance.",,BU-PLT-PM-065
KC-043,ALL,sop,Machine status definitions,"Machine status vocabulary used across the plant systems: HEALTHY (running within limits), WARNING (degradation trend detected, increase monitoring), CRITICAL (failure likely, plan intervention), MAINTENANCE (under planned maintenance), OFFLINE (out of service, not producing). The digital twin and dashboards use the same vocabulary and colours.",,MA-PLT-ST-066
KC-044,ALL,manual,Failure mode catalogue - rolling element bearings,"Bearing failure stages: 1) ultrasonic noise only; 2) audible noise, temperature rise begins; 3) vibration RMS climb with defect frequencies in the envelope spectrum; 4) temperature sharply up, RMS above zone C; 5) imminent seizure. Plan replacement at stage 3; never run to stage 5 on a bottleneck asset. Fitted part on CNC spindles: BRG-AX-17.",BRG-AX-17,MA-PLT-FM-067
KC-045,ALL,sop,Parts consumption recording,Book every part consumed against the work order before closing it. Unbooked parts break the inventory accuracy that the spare-parts planner depends on. Negative stock in the system is a data incident: report it the same day.,,MA-PLT-IN-068
KC-046,ALL,bulletin,Reliability agent usage guidelines,"The Factora reliability agent separates observed data, model predictions and recommendations, and cites its sources (telemetry trends, maintenance history, knowledge base). Treat its output as decision support: verify critical evidence in the source systems before committing downtime.",,BU-PLT-AG-069
KC-047,ALL,sop,Shift handover for degrading assets,"When a machine is on WARNING or CRITICAL, the outgoing supervisor records trend values, alarms and any temporary mitigations in the handover log, and the incoming supervisor acknowledges. Degrading assets are walked down in person at handover.",,MA-PLT-HO-070
KC-048,ALL,procedure,Bearing storage and handling,"Precision bearings are stored in their original sealed packaging, flat, in the dry-goods store. Before fitting: check the corrosion-inhibitor film, rotate by hand for smoothness, and never wash off the factory preservative unless specified. Damaged packaging = quarantine and inspect before use.",BRG-AX-17,MA-PLT-BS-071
KC-049,ALL,manual,OEE definitions used by this plant,OEE = Availability x Performance x Quality. Availability = run time / planned production time. Performance = (ideal cycle time x total count) / run time. Quality = good count / total count. Planned maintenance windows reduce planned production time only when scheduled in advance; breakdowns always reduce run time.,,MA-PLT-OE-072
