run_id,machine_id,run_date,planned_output_units,actual_output_units,good_units,ideal_cycle_time_s,runtime_minutes,planned_runtime_minutes,downtime_minutes
PR-0001,CNC-01,2026-09-20,244,211,208,118.0,480,480,0
PR-0002,CNC-01,2026-09-21,244,225,221,118.0,480,480,0
PR-0003,CNC-01,2026-09-22,244,222,216,118.0,480,480,0
PR-0004,CNC-01,2026-09-23,244,226,223,118.0,480,480,0
PR-0005,CNC-01,2026-09-24,244,216,211,118.0,480,480,0
PR-0006,CNC-01,2026-09-25,122,116,114,118.0,240,240,0
PR-0007,CNC-01,2026-09-26,244,215,211,118.0,480,480,0
PR-0008,CNC-01,2026-09-27,244,212,207,118.0,480,480,0
PR-0009,CNC-01,2026-09-28,244,233,226,118.0,480,480,0
PR-0010,CNC-01,2026-09-29,244,234,227,118.0,480,480,0
PR-0011,CNC-01,2026-09-30,244,236,232,118.0,480,480,0
PR-0012,CNC-01,2026-10-01,244,214,210,118.0,452,480,28
PR-0013,CNC-01,2026-10-02,122,110,108,118.0,240,240,0
PR-0014,CNC-01,2026-10-03,244,224,221,118.0,480,480,0
PR-0015,CNC-02,2026-09-20,244,223,216,118.0,480,480,0
PR-0016,CNC-02,2026-09-21,244,205,199,118.0,466,480,14
PR-0017,CNC-02,2026-09-22,244,233,230,118.0,480,480,0
PR-0018,CNC-02,2026-09-23,244,230,224,118.0,480,480,0
PR-0019,CNC-02,2026-09-24,244,221,218,118.0,464,480,16
PR-0020,CNC-02,2026-09-25,122,107,104,118.0,240,240,0
PR-0021,CNC-02,2026-09-26,244,223,219,118.0,480,480,0
PR-0022,CNC-02,2026-09-27,244,231,226,118.0,480,480,0
PR-0023,CNC-02,2026-09-28,244,225,221,118.0,480,480,0
PR-0024,CNC-02,2026-09-29,244,221,214,118.0,480,480,0
PR-0025,CNC-02,2026-09-30,244,228,223,118.0,480,480,0
PR-0026,CNC-02,2026-10-01,244,213,207,118.0,480,480,0
PR-0027,CNC-02,2026-10-02,122,103,101,118.0,209,240,31
PR-0028,CNC-02,2026-10-03,244,235,230,118.0,480,480,0
PR-0029,CNC-03,2026-09-20,244,232,227,118.0,480,480,0
PR-0030,CNC-03,2026-09-21,244,221,215,118.0,480,480,0
PR-0031,CNC-03,2026-09-22,244,215,212,118.0,480,480,0
PR-0032,CNC-03,2026-09-23,244,215,211,118.0,457,480,23
PR-0033,CNC-03,2026-09-24,244,214,209,118.0,480,480,0
PR-0034,CNC-03,2026-09-25,122,111,108,118.0,240,240,0
PR-0035,CNC-03,2026-09-26,244,230,227,118.0,480,480,0
PR-0036,CNC-03,2026-09-27,244,226,219,118.0,480,480,0
PR-0037,CNC-03,2026-09-28,244,221,217,118.0,480,480,0
PR-0038,CNC-03,2026-09-29,244,231,226,118.0,480,480,0
PR-0039,CNC-03,2026-09-30,244,222,213,118.0,480,480,0
PR-0040,CNC-03,2026-10-01,244,231,219,118.0,480,480,0
PR-0041,CNC-03,2026-10-02,122,90,82,118.0,204,240,36
PR-0042,CNC-03,2026-10-03,244,216,192,118.0,480,480,0
PR-0043,CNC-04,2026-09-20,244,216,213,118.0,480,480,0
PR-0044,CNC-04,2026-09-21,244,210,207,118.0,472,480,8
PR-0045,CNC-04,2026-09-22,244,214,210,118.0,480,480,0
PR-0046,CNC-04,2026-09-23,244,229,225,118.0,480,480,0
PR-0047,CNC-04,2026-09-24,244,225,218,118.0,480,480,0
PR-0048,CNC-04,2026-09-25,122,110,107,118.0,227,240,13
PR-0049,CNC-04,2026-09-26,244,233,230,118.0,480,480,0
PR-0050,CNC-04,2026-09-27,244,217,213,118.0,480,480,0
PR-0051,CNC-04,2026-09-28,244,227,221,118.0,480,480,0
PR-0052,CNC-04,2026-09-29,244,210,206,118.0,480,480,0
PR-0053,CNC-04,2026-09-30,244,213,209,118.0,480,480,0
PR-0054,CNC-04,2026-10-01,244,213,208,118.0,480,480,0
PR-0055,CNC-04,2026-10-02,122,112,110,118.0,240,240,0
PR-0056,CNC-04,2026-10-03,244,227,220,118.0,480,480,0
PR-0057,CNC-05,2026-09-20,244,220,217,118.0,473,480,7
PR-0058,CNC-05,2026-09-21,244,236,233,118.0,480,480,0
PR-0059,CNC-05,2026-09-22,244,224,219,118.0,480,480,0
PR-0060,CNC-05,2026-09-23,244,233,228,118.0,480,480,0
PR-0061,CNC-05,2026-09-24,244,221,215,118.0,480,480,0
PR-0062,CNC-05,2026-09-25,122,116,113,118.0,240,240,0
PR-0063,CNC-05,2026-09-26,244,217,211,118.0,472,480,8
PR-0064,CNC-05,2026-09-27,244,225,220,118.0,480,480,0
PR-0065,CNC-05,2026-09-28,244,225,221,118.0,480,480,0
PR-0066,CNC-05,2026-09-29,244,212,208,118.0,480,480,0
PR-0067,CNC-05,2026-09-30,244,220,217,118.0,480,480,0
PR-0068,CNC-05,2026-10-01,244,229,226,118.0,480,480,0
PR-0069,CNC-05,2026-10-02,122,113,111,118.0,240,240,0
PR-0070,CNC-05,2026-10-03,244,213,206,118.0,480,480,0
PR-0071,CNC-06,2026-09-20,244,215,209,118.0,480,480,0
PR-0072,CNC-06,2026-09-21,244,221,214,118.0,480,480,0
PR-0073,CNC-06,2026-09-22,244,212,209,118.0,480,480,0
PR-0074,CNC-06,2026-09-23,244,234,229,118.0,480,480,0
PR-0075,CNC-06,2026-09-24,244,217,213,118.0,480,480,0
PR-0076,CNC-06,2026-09-25,122,111,108,118.0,240,240,0
PR-0077,CNC-06,2026-09-26,244,235,229,118.0,480,480,0
PR-0078,CNC-06,2026-09-27,244,221,216,118.0,480,480,0
PR-0079,CNC-06,2026-09-28,244,221,218,118.0,480,480,0
PR-0080,CNC-06,2026-09-29,244,227,224,118.0,473,480,7
PR-0081,CNC-06,2026-09-30,244,215,212,118.0,455,480,25
PR-0082,CNC-06,2026-10-01,244,220,215,118.0,480,480,0
PR-0083,CNC-06,2026-10-02,122,113,110,118.0,240,240,0
PR-0084,CNC-06,2026-10-03,244,222,218,118.0,480,480,0
PR-0085,CNC-07,2026-09-20,244,220,217,118.0,480,480,0
PR-0086,CNC-07,2026-09-21,244,216,211,118.0,480,480,0
PR-0087,CNC-07,2026-09-22,244,210,206,118.0,480,480,0
PR-0088,CNC-07,2026-09-23,244,232,226,118.0,480,480,0
PR-0089,CNC-07,2026-09-24,244,218,213,118.0,480,480,0
PR-0090,CNC-07,2026-09-25,122,94,92,118.0,202,240,38
PR-0091,CNC-07,2026-09-26,244,216,213,118.0,480,480,0
PR-0092,CNC-07,2026-09-27,244,229,224,118.0,480,480,0
PR-0093,CNC-07,2026-09-28,244,232,226,118.0,480,480,0
PR-0094,CNC-07,2026-09-29,244,214,207,118.0,480,480,0
PR-0095,CNC-07,2026-09-30,244,231,224,118.0,480,480,0
PR-0096,CNC-07,2026-10-01,244,202,197,118.0,459,480,21
PR-0097,CNC-07,2026-10-02,122,117,114,118.0,240,240,0
PR-0098,CNC-07,2026-10-03,244,224,218,118.0,464,480,16
PR-0099,CNC-08,2026-09-20,244,223,216,118.0,480,480,0
PR-0100,CNC-08,2026-09-21,244,232,227,118.0,480,480,0
PR-0101,CNC-08,2026-09-22,244,209,205,118.0,471,480,9
PR-0102,CNC-08,2026-09-23,244,215,211,118.0,480,480,0
PR-0103,CNC-08,2026-09-24,244,223,220,118.0,480,480,0
PR-0104,CNC-08,2026-09-25,122,114,112,118.0,240,240,0
PR-0105,CNC-08,2026-09-26,244,196,190,118.0,448,480,32
PR-0106,CNC-08,2026-09-27,244,217,211,118.0,463,480,17
PR-0107,CNC-08,2026-09-28,244,226,222,118.0,480,480,0
PR-0108,CNC-08,2026-09-29,244,222,217,118.0,480,480,0
PR-0109,CNC-08,2026-09-30,244,219,216,118.0,480,480,0
PR-0110,CNC-08,2026-10-01,244,210,207,118.0,480,480,0
PR-0111,CNC-08,2026-10-02,122,114,111,118.0,240,240,0
PR-0112,CNC-08,2026-10-03,244,211,206,118.0,480,480,0
PR-0113,PRS-01,2026-09-20,4430,3775,3720,6.5,453,480,27
PR-0114,PRS-01,2026-09-21,4430,3986,3950,6.5,480,480,0
PR-0115,PRS-01,2026-09-22,4430,3820,3724,6.5,480,480,0
PR-0116,PRS-01,2026-09-23,4430,3890,3835,6.5,473,480,7
PR-0117,PRS-01,2026-09-24,4430,3965,3888,6.5,480,480,0
PR-0118,PRS-01,2026-09-25,2215,1919,1887,6.5,240,240,0
PR-0119,PRS-01,2026-09-26,4430,4275,4195,6.5,480,480,0
PR-0120,PRS-01,2026-09-27,4430,4021,3957,6.5,480,480,0
PR-0121,PRS-01,2026-09-28,4430,3862,3775,6.5,480,480,0
PR-0122,PRS-01,2026-09-29,4430,3976,3924,6.5,480,480,0
PR-0123,PRS-01,2026-09-30,4430,4260,4215,6.5,480,480,0
PR-0124,PRS-01,2026-10-01,4430,4216,4175,6.5,480,480,0
PR-0125,PRS-01,2026-10-02,2215,1961,1902,6.5,240,240,0
PR-0126,PRS-01,2026-10-03,4430,3953,3909,6.5,480,480,0
PR-0127,PRS-02,2026-09-20,4430,4238,4176,6.5,480,480,0
PR-0128,PRS-02,2026-09-21,4430,4063,3992,6.5,480,480,0
PR-0129,PRS-02,2026-09-22,4430,3841,3756,6.5,471,480,9
PR-0130,PRS-02,2026-09-23,4430,3815,3734,6.5,480,480,0
PR-0131,PRS-02,2026-09-24,4430,4237,4165,6.5,480,480,0
PR-0132,PRS-02,2026-09-25,2215,1627,1584,6.5,202,240,38
PR-0133,PRS-02,2026-09-26,4430,3778,3679,6.5,444,480,36
PR-0134,PRS-02,2026-09-27,4430,3817,3752,6.5,480,480,0
PR-0135,PRS-02,2026-09-28,4430,3960,3864,6.5,480,480,0
PR-0136,PRS-02,2026-09-29,4430,3820,3728,6.5,480,480,0
PR-0137,PRS-02,2026-09-30,4430,3953,3851,6.5,480,480,0
PR-0138,PRS-02,2026-10-01,4430,4120,4072,6.5,480,480,0
PR-0139,PRS-02,2026-10-02,2215,2097,2039,6.5,240,240,0
PR-0140,PRS-02,2026-10-03,4430,4089,3987,6.5,480,480,0
PR-0141,PRS-03,2026-09-20,4430,3828,3720,6.5,480,480,0
PR-0142,PRS-03,2026-09-21,4430,4022,3984,6.5,480,480,0
PR-0143,PRS-03,2026-09-22,4430,4222,4164,6.5,480,480,0
PR-0144,PRS-03,2026-09-23,4430,3897,3780,6.5,480,480,0
PR-0145,PRS-03,2026-09-24,4430,4104,4000,6.5,480,480,0
PR-0146,PRS-03,2026-09-25,2215,2135,2094,6.5,240,240,0
PR-0147,PRS-03,2026-09-26,4430,4250,4194,6.5,480,480,0
PR-0148,PRS-03,2026-09-27,4430,4147,4109,6.5,480,480,0
PR-0149,PRS-03,2026-09-28,2215,1974,1934,6.5,235,240,5
PR-0150,PRS-03,2026-09-29,4430,3606,3507,6.5,451,480,29
PR-0151,PRS-03,2026-09-30,4430,4216,4111,6.5,480,480,0
PR-0152,PRS-03,2026-10-01,4430,3860,3816,6.5,480,480,0
PR-0153,PRS-03,2026-10-02,2215,2047,2021,6.5,240,240,0
PR-0154,PRS-03,2026-10-03,4430,4278,4179,6.5,480,480,0
PR-0155,PRS-04,2026-09-20,4430,3895,3821,6.5,463,480,17
PR-0156,PRS-04,2026-09-21,4430,4054,3962,6.5,470,480,10
PR-0157,PRS-04,2026-09-22,4430,4127,4065,6.5,480,480,0
PR-0158,PRS-04,2026-09-23,4430,3876,3817,6.5,463,480,17
PR-0159,PRS-04,2026-09-24,4430,4050,3954,6.5,480,480,0
PR-0160,PRS-04,2026-09-25,2215,1989,1958,6.5,240,240,0
PR-0161,PRS-04,2026-09-26,4430,4159,4062,6.5,480,480,0
PR-0162,PRS-04,2026-09-27,4430,4170,4102,6.5,480,480,0
PR-0163,PRS-04,2026-09-28,4430,3802,3766,6.5,448,480,32
PR-0164,PRS-04,2026-09-29,4430,4013,3964,6.5,480,480,0
PR-0165,PRS-04,2026-09-30,4430,4156,4081,6.5,480,480,0
PR-0166,PRS-04,2026-10-01,4430,3938,3822,6.5,480,480,0
PR-0167,PRS-04,2026-10-02,2215,1894,1876,6.5,212,240,28
PR-0168,PRS-04,2026-10-03,4430,3970,3899,6.5,480,480,0
PR-0169,ASM-01,2026-09-20,847,789,767,34.0,480,480,0
PR-0170,ASM-01,2026-09-21,847,803,791,34.0,480,480,0
PR-0171,ASM-01,2026-09-22,847,797,788,34.0,480,480,0
PR-0172,ASM-01,2026-09-23,847,796,781,34.0,480,480,0
PR-0173,ASM-01,2026-09-24,847,799,790,34.0,480,480,0
PR-0174,ASM-01,2026-09-25,423,400,391,34.0,240,240,0
PR-0175,ASM-01,2026-09-26,847,789,765,34.0,480,480,0
PR-0176,ASM-01,2026-09-27,847,791,784,34.0,480,480,0
PR-0177,ASM-01,2026-09-28,847,731,719,34.0,480,480,0
PR-0178,ASM-01,2026-09-29,847,749,738,34.0,451,480,29
PR-0179,ASM-01,2026-09-30,847,748,739,34.0,480,480,0
PR-0180,ASM-01,2026-10-01,847,758,746,34.0,445,480,35
PR-0181,ASM-01,2026-10-02,423,401,396,34.0,240,240,0
PR-0182,ASM-01,2026-10-03,847,780,764,34.0,480,480,0
PR-0183,ASM-02,2026-09-20,847,771,753,34.0,480,480,0
PR-0184,ASM-02,2026-09-21,847,808,788,34.0,480,480,0
PR-0185,ASM-02,2026-09-22,847,766,745,34.0,480,480,0
PR-0186,ASM-02,2026-09-23,847,765,755,34.0,480,480,0
PR-0187,ASM-02,2026-09-24,847,735,718,34.0,480,480,0
PR-0188,ASM-02,2026-09-25,423,339,329,34.0,211,240,29
PR-0189,ASM-02,2026-09-26,847,756,736,34.0,480,480,0
PR-0190,ASM-02,2026-09-27,847,774,757,34.0,480,480,0
PR-0191,ASM-02,2026-09-28,847,771,759,34.0,480,480,0
PR-0192,ASM-02,2026-09-29,847,758,745,34.0,480,480,0
PR-0193,ASM-02,2026-09-30,847,760,749,34.0,480,480,0
PR-0194,ASM-02,2026-10-01,847,768,746,34.0,480,480,0
PR-0195,ASM-02,2026-10-02,423,378,371,34.0,240,240,0
PR-0196,ASM-02,2026-10-03,847,792,776,34.0,480,480,0
PR-0197,ASM-03,2026-09-20,847,807,799,34.0,480,480,0
PR-0198,ASM-03,2026-09-21,847,752,741,34.0,469,480,11
PR-0199,ASM-03,2026-09-22,847,738,726,34.0,480,480,0
PR-0200,ASM-03,2026-09-23,847,708,696,34.0,447,480,33
PR-0201,ASM-03,2026-09-24,847,753,744,34.0,480,480,0
PR-0202,ASM-03,2026-09-25,423,392,387,34.0,240,240,0
PR-0203,ASM-03,2026-09-26,847,787,780,34.0,480,480,0
PR-0204,ASM-03,2026-09-27,847,770,762,34.0,480,480,0
PR-0205,ASM-03,2026-09-28,847,745,726,34.0,480,480,0
PR-0206,ASM-03,2026-09-29,847,696,675,34.0,443,480,37
PR-0207,ASM-03,2026-09-30,847,758,750,34.0,480,480,0
PR-0208,ASM-03,2026-10-01,847,739,732,34.0,480,480,0
PR-0209,ASM-03,2026-10-02,423,391,387,34.0,240,240,0
PR-0210,ASM-03,2026-10-03,847,758,738,34.0,480,480,0
PR-0211,ASM-04,2026-09-20,847,743,736,34.0,480,480,0
PR-0212,ASM-04,2026-09-21,847,815,799,34.0,480,480,0
PR-0213,ASM-04,2026-09-22,847,754,739,34.0,480,480,0
PR-0214,ASM-04,2026-09-23,847,762,748,34.0,480,480,0
PR-0215,ASM-04,2026-09-24,847,802,781,34.0,480,480,0
PR-0216,ASM-04,2026-09-25,423,379,374,34.0,240,240,0
PR-0217,ASM-04,2026-09-26,847,725,704,34.0,465,480,15
PR-0218,ASM-04,2026-09-27,847,749,741,34.0,480,480,0
PR-0219,ASM-04,2026-09-28,847,809,799,34.0,480,480,0
PR-0220,ASM-04,2026-09-29,847,775,759,34.0,480,480,0
PR-0221,ASM-04,2026-09-30,847,742,734,34.0,480,480,0
PR-0222,ASM-04,2026-10-01,847,803,791,34.0,480,480,0
PR-0223,ASM-04,2026-10-02,423,373,367,34.0,240,240,0
PR-0224,ASM-04,2026-10-03,847,761,744,34.0,480,480,0
PR-0225,ASM-05,2026-09-20,847,753,731,34.0,480,480,0
PR-0226,ASM-05,2026-09-21,847,672,656,34.0,441,480,39
PR-0227,ASM-05,2026-09-22,847,808,798,34.0,480,480,0
PR-0228,ASM-05,2026-09-23,847,760,753,34.0,480,480,0
PR-0229,ASM-05,2026-09-24,847,733,716,34.0,480,480,0
PR-0230,ASM-05,2026-09-25,423,409,403,34.0,240,240,0
PR-0231,ASM-05,2026-09-26,847,799,782,34.0,480,480,0
PR-0232,ASM-05,2026-09-27,847,810,797,34.0,480,480,0
PR-0233,ASM-05,2026-09-28,847,751,742,34.0,480,480,0
PR-0234,ASM-05,2026-09-29,847,705,690,34.0,449,480,31
PR-0235,ASM-05,2026-09-30,847,731,710,34.0,480,480,0
PR-0236,ASM-05,2026-10-01,847,745,723,34.0,480,480,0
PR-0237,ASM-05,2026-10-02,423,400,388,34.0,240,240,0
PR-0238,ASM-05,2026-10-03,847,767,752,34.0,480,480,0
PR-0239,PKG-01,2026-09-20,9000,8365,8214,3.2,480,480,0
PR-0240,PKG-01,2026-09-21,9000,7838,7700,3.2,480,480,0
PR-0241,PKG-01,2026-09-22,9000,8530,8378,3.2,480,480,0
PR-0242,PKG-01,2026-09-23,9000,7919,7821,3.2,480,480,0
PR-0243,PKG-01,2026-09-24,9000,8393,8159,3.2,480,480,0
PR-0244,PKG-01,2026-09-25,4500,4064,3987,3.2,240,240,0
PR-0245,PKG-01,2026-09-26,9000,7827,7634,3.2,480,480,0
PR-0246,PKG-01,2026-09-27,9000,8121,7933,3.2,480,480,0
PR-0247,PKG-01,2026-09-28,9000,7649,7438,3.2,458,480,22
PR-0248,PKG-01,2026-09-29,9000,7754,7668,3.2,480,480,0
PR-0249,PKG-01,2026-09-30,9000,8608,8419,3.2,480,480,0
PR-0250,PKG-01,2026-10-01,9000,7797,7693,3.2,480,480,0
PR-0251,PKG-01,2026-10-02,4500,3946,3914,3.2,240,240,0
PR-0252,PKG-01,2026-10-03,9000,8189,8094,3.2,480,480,0
PR-0253,PKG-02,2026-09-20,9000,8135,7982,3.2,480,480,0
PR-0254,PKG-02,2026-09-21,9000,8019,7893,3.2,480,480,0
PR-0255,PKG-02,2026-09-22,9000,7757,7548,3.2,480,480,0
PR-0256,PKG-02,2026-09-23,9000,8127,7960,3.2,480,480,0
PR-0257,PKG-02,2026-09-24,9000,8218,8110,3.2,480,480,0
PR-0258,PKG-02,2026-09-25,4500,4284,4207,3.2,240,240,0
PR-0259,PKG-02,2026-09-26,9000,8509,8414,3.2,480,480,0
PR-0260,PKG-02,2026-09-27,9000,7616,7443,3.2,454,480,26
PR-0261,PKG-02,2026-09-28,9000,8683,8499,3.2,480,480,0
PR-0262,PKG-02,2026-09-29,9000,8356,8204,3.2,480,480,0
PR-0263,PKG-02,2026-09-30,9000,8448,8281,3.2,480,480,0
PR-0264,PKG-02,2026-10-01,9000,8728,8606,3.2,480,480,0
PR-0265,PKG-02,2026-10-02,4500,4247,4137,3.2,240,240,0
PR-0266,PKG-02,2026-10-03,9000,8714,8507,3.2,480,480,0
PR-0267,PKG-03,2026-09-20,9000,7968,7795,3.2,480,480,0
PR-0268,PKG-03,2026-09-21,9000,8006,7838,3.2,480,480,0
PR-0269,PKG-03,2026-09-22,9000,8104,7941,3.2,480,480,0
PR-0270,PKG-03,2026-09-23,9000,8182,7963,3.2,480,480,0
PR-0271,PKG-03,2026-09-24,9000,7952,7872,3.2,480,480,0
PR-0272,PKG-03,2026-09-25,4500,4055,3987,3.2,240,240,0
PR-0273,PKG-03,2026-09-26,9000,7288,7120,3.2,449,480,31
PR-0274,PKG-03,2026-09-27,9000,8556,8426,3.2,480,480,0
PR-0275,PKG-03,2026-09-28,9000,8581,8437,3.2,480,480,0
PR-0276,PKG-03,2026-09-29,9000,8107,7959,3.2,480,480,0
PR-0277,PKG-03,2026-09-30,9000,8050,7881,3.2,480,480,0
PR-0278,PKG-03,2026-10-01,9000,7586,7403,3.2,460,480,20
PR-0279,PKG-03,2026-10-02,4500,3830,3771,3.2,215,240,25
PR-0280,PKG-03,2026-10-03,9000,8021,7909,3.2,480,480,0
PR-0281,PKG-04,2026-09-20,9000,8511,8413,3.2,480,480,0
PR-0282,PKG-04,2026-09-21,9000,7979,7770,3.2,480,480,0
PR-0283,PKG-04,2026-09-22,9000,8078,7910,3.2,480,480,0
PR-0284,PKG-04,2026-09-23,9000,7838,7724,3.2,466,480,14
PR-0285,PKG-04,2026-09-24,9000,8386,8208,3.2,480,480,0
PR-0286,PKG-04,2026-09-25,4500,4280,4217,3.2,240,240,0
PR-0287,PKG-04,2026-09-26,9000,7941,7729,3.2,480,480,0
PR-0288,PKG-04,2026-09-27,9000,8453,8292,3.2,480,480,0
PR-0289,PKG-04,2026-09-28,9000,8040,7948,3.2,480,480,0
PR-0290,PKG-04,2026-09-29,9000,7992,7812,3.2,440,480,40
PR-0291,PKG-04,2026-09-30,9000,7949,7726,3.2,480,480,0
PR-0292,PKG-04,2026-10-01,0,0,0,3.2,0,0,0
PR-0293,PKG-04,2026-10-02,0,0,0,3.2,0,0,0
PR-0294,PKG-04,2026-10-03,0,0,0,3.2,0,0,0
PR-0295,QLT-01,2026-09-20,685,595,577,42.0,480,480,0
PR-0296,QLT-01,2026-09-21,685,623,615,42.0,480,480,0
PR-0297,QLT-01,2026-09-22,685,642,632,42.0,480,480,0
PR-0298,QLT-01,2026-09-23,685,631,616,42.0,480,480,0
PR-0299,QLT-01,2026-09-24,685,638,627,42.0,480,480,0
PR-0300,QLT-01,2026-09-25,342,331,322,42.0,240,240,0
PR-0301,QLT-01,2026-09-26,685,649,642,42.0,480,480,0
PR-0302,QLT-01,2026-09-27,685,656,645,42.0,480,480,0
PR-0303,QLT-01,2026-09-28,685,627,617,42.0,480,480,0
PR-0304,QLT-01,2026-09-29,685,646,639,42.0,480,480,0
PR-0305,QLT-01,2026-09-30,685,629,612,42.0,480,480,0
PR-0306,QLT-01,2026-10-01,685,617,601,42.0,480,480,0
PR-0307,QLT-01,2026-10-02,342,327,320,42.0,240,240,0
PR-0308,QLT-01,2026-10-03,685,643,636,42.0,480,480,0
PR-0309,QLT-02,2026-09-20,685,609,603,42.0,480,480,0
PR-0310,QLT-02,2026-09-21,685,589,581,42.0,480,480,0
PR-0311,QLT-02,2026-09-22,685,576,568,42.0,458,480,22
PR-0312,QLT-02,2026-09-23,685,602,596,42.0,480,480,0
PR-0313,QLT-02,2026-09-24,685,606,592,42.0,480,480,0
PR-0314,QLT-02,2026-09-25,342,328,319,42.0,240,240,0
PR-0315,QLT-02,2026-09-26,685,626,612,42.0,480,480,0
PR-0316,QLT-02,2026-09-27,685,633,619,42.0,480,480,0
PR-0317,QLT-02,2026-09-28,685,615,608,42.0,480,480,0
PR-0318,QLT-02,2026-09-29,685,653,641,42.0,480,480,0
PR-0319,QLT-02,2026-09-30,685,664,655,42.0,480,480,0
PR-0320,QLT-02,2026-10-01,685,644,624,42.0,480,480,0
PR-0321,QLT-02,2026-10-02,342,264,256,42.0,207,240,33
PR-0322,QLT-02,2026-10-03,685,637,623,42.0,480,480,0
PR-0323,QLT-03,2026-09-20,685,640,623,42.0,480,480,0
PR-0324,QLT-03,2026-09-21,685,618,600,42.0,480,480,0
PR-0325,QLT-03,2026-09-22,685,594,576,42.0,480,480,0
PR-0326,QLT-03,2026-09-23,685,621,605,42.0,480,480,0
PR-0327,QLT-03,2026-09-24,685,593,586,42.0,469,480,11
PR-0328,QLT-03,2026-09-25,342,328,320,42.0,240,240,0
PR-0329,QLT-03,2026-09-26,685,597,588,42.0,480,480,0
PR-0330,QLT-03,2026-09-27,685,648,633,42.0,480,480,0
PR-0331,QLT-03,2026-09-28,685,596,582,42.0,480,480,0
PR-0332,QLT-03,2026-09-29,685,614,608,42.0,447,480,33
PR-0333,QLT-03,2026-09-30,685,615,606,42.0,480,480,0
PR-0334,QLT-03,2026-10-01,685,572,559,42.0,443,480,37
PR-0335,QLT-03,2026-10-02,342,296,291,42.0,240,240,0
PR-0336,QLT-03,2026-10-03,685,603,590,42.0,447,480,33
