work_order_id,machine_id,title,type,priority,status,created_at,scheduled_for,completed_at,assigned_to,source,related_part_id,description
WO-0001,CNC-01,Corrective visit on CNC Machining Center 1 at CNC-01 (bearin,corrective,high,completed,2026-02-04T19:28:00,2026-02-04T21:28:00,2026-02-05T03:04:00,H. Al-Mansoori,OPERATOR,BRG-AX-17,Corrective visit on CNC Machining Center 1 at CNC-01 (bearing wear): repair completed and function-tested.
WO-0002,CNC-01,Preventive visit on CNC Machining Center 1 at CNC-01: comple,preventive,low,completed,2026-04-12T22:42:00,2026-04-13T00:42:00,2026-04-13T06:06:00,M. Al-Farsi,PLANNER,,Preventive visit on CNC Machining Center 1 at CNC-01: completed per SOP checklist.
WO-0003,CNC-01,Corrective visit on CNC Machining Center 1 at CNC-01 (spindl,corrective,medium,completed,2026-05-03T19:20:00,2026-05-03T21:20:00,2026-05-04T00:08:00,M. Al-Farsi,PLANNER,SPN-CN-02,Corrective visit on CNC Machining Center 1 at CNC-01 (spindle drift): repair completed and function-tested.
WO-0004,CNC-01,Corrective visit on CNC Machining Center 1 at CNC-01 (overst,corrective,high,completed,2026-06-18T08:20:00,2026-06-18T10:20:00,2026-06-18T16:38:00,V. Menon,OPERATOR,,Corrective visit on CNC Machining Center 1 at CNC-01 (overstrain): repair completed and function-tested.
WO-0005,CNC-02,Corrective visit on CNC Machining Center 2 at CNC-02 (bearin,corrective,high,completed,2025-08-24T17:50:00,2025-08-24T19:50:00,2025-08-25T01:38:00,J. D'Souza,PLANNER,BRG-AX-17,Corrective visit on CNC Machining Center 2 at CNC-02 (bearing wear): repair completed and function-tested.
WO-0006,CNC-02,Corrective visit on CNC Machining Center 2 at CNC-02 (heat d,corrective,medium,completed,2026-01-26T01:02:00,2026-01-26T03:02:00,2026-01-26T06:32:00,A. Rahman,OPERATOR,COL-CN-08,Corrective visit on CNC Machining Center 2 at CNC-02 (heat dissipation): repair completed and function-tested.
WO-0007,CNC-02,Corrective visit on CNC Machining Center 2 at CNC-02 (bearin,corrective,high,completed,2026-04-26T10:50:00,2026-04-26T12:50:00,2026-04-26T18:32:00,M. Al-Farsi,PLANNER,BRG-AX-17,Corrective visit on CNC Machining Center 2 at CNC-02 (bearing wear): repair completed and function-tested.
WO-0008,CNC-02,Corrective visit on CNC Machining Center 2 at CNC-02 (bearin,corrective,high,completed,2026-05-09T16:46:00,2026-05-09T18:46:00,2026-05-10T00:58:00,V. Menon,OPERATOR,BRG-AX-17,Corrective visit on CNC Machining Center 2 at CNC-02 (bearing wear): repair completed and function-tested.
WO-0009,CNC-03,Corrective visit on CNC Machining Center 3 at CNC-03 (sensor,corrective,medium,completed,2025-04-07T03:40:00,2025-04-07T05:40:00,2025-04-07T08:34:00,A. Rahman,OPERATOR,SEN-IR-09,Corrective visit on CNC Machining Center 3 at CNC-03 (sensor fault): repair completed and function-tested.
WO-0010,CNC-03,Preventive visit on CNC Machining Center 3 at CNC-03: comple,preventive,low,completed,2025-04-29T19:20:00,2025-04-29T21:20:00,2025-04-30T01:56:00,A. Rahman,OPERATOR,,Preventive visit on CNC Machining Center 3 at CNC-03: completed per SOP checklist.
WO-0011,CNC-03,Preventive visit on CNC Machining Center 3 at CNC-03: comple,preventive,low,completed,2025-05-25T16:00:00,2025-05-25T18:00:00,2025-05-25T19:24:00,A. Rahman,PLANNER,,Preventive visit on CNC Machining Center 3 at CNC-03: completed per SOP checklist.
WO-0012,CNC-03,Corrective visit on CNC Machining Center 3 at CNC-03 (heat d,corrective,high,completed,2026-04-19T12:51:00,2026-04-19T14:51:00,2026-04-19T21:09:00,H. Al-Mansoori,OPERATOR,COL-CN-08,Corrective visit on CNC Machining Center 3 at CNC-03 (heat dissipation): repair completed and function-tested.
WO-0013,CNC-03,Corrective visit on CNC Machining Center 3 at CNC-03 (heat d,corrective,high,completed,2026-05-23T11:00:00,2026-05-23T13:00:00,2026-05-23T18:12:00,S. Kulkarni,PLANNER,COL-CN-08,Corrective visit on CNC Machining Center 3 at CNC-03 (heat dissipation): repair completed and function-tested.
WO-0014,CNC-03,Spindle front bearing replaced after vibration alarm (6,corrective,high,completed,2025-12-14T08:20:00,2025-12-14T10:20:00,2025-12-14T15:50:00,M. Al-Farsi,PLANNER,BRG-AX-17,Spindle front bearing replaced after vibration alarm (6.1 mm/s RMS) and 74 C bearing temperature.
WO-0015,CNC-03,Repeat spindle bearing replacement; grease analysis showed m,corrective,high,completed,2026-05-02T06:05:00,2026-05-02T08:05:00,2026-05-02T13:05:00,M. Al-Farsi,PLANNER,BRG-AX-17,Repeat spindle bearing replacement; grease analysis showed metal particles. Vibration back to 2.3 mm/s after swap.
WO-0016,CNC-04,Corrective visit on CNC Machining Center 4 at CNC-04 (overst,corrective,high,completed,2025-04-08T18:30:00,2025-04-08T20:30:00,2025-04-09T02:06:00,M. Al-Farsi,PLANNER,,Corrective visit on CNC Machining Center 4 at CNC-04 (overstrain): repair completed and function-tested.
WO-0017,CNC-04,Corrective visit on CNC Machining Center 4 at CNC-04 (heat d,corrective,high,completed,2025-05-13T12:37:00,2025-05-13T14:37:00,2025-05-13T19:31:00,J. D'Souza,OPERATOR,COL-CN-08,Corrective visit on CNC Machining Center 4 at CNC-04 (heat dissipation): repair completed and function-tested.
WO-0018,CNC-04,Corrective visit on CNC Machining Center 4 at CNC-04 (bearin,corrective,high,completed,2025-06-30T06:34:00,2025-06-30T08:34:00,2025-06-30T14:04:00,J. D'Souza,OPERATOR,BRG-AX-17,Corrective visit on CNC Machining Center 4 at CNC-04 (bearing wear): repair completed and function-tested.
WO-0019,CNC-05,Corrective visit on CNC Turning Center 1 at CNC-05 (heat dis,corrective,medium,completed,2025-12-04T06:47:00,2025-12-04T08:47:00,2025-12-04T11:23:00,M. Al-Farsi,OPERATOR,COL-CN-08,Corrective visit on CNC Turning Center 1 at CNC-05 (heat dissipation): repair completed and function-tested.
WO-0020,CNC-05,Preventive visit on CNC Turning Center 1 at CNC-05: complete,preventive,low,completed,2025-12-22T09:05:00,2025-12-22T11:05:00,2025-12-22T12:41:00,S. Kulkarni,PLANNER,,Preventive visit on CNC Turning Center 1 at CNC-05: completed per SOP checklist.
WO-0021,CNC-05,Preventive visit on CNC Turning Center 1 at CNC-05: complete,preventive,low,completed,2025-12-28T00:48:00,2025-12-28T02:48:00,2025-12-28T06:12:00,M. Al-Farsi,PLANNER,,Preventive visit on CNC Turning Center 1 at CNC-05: completed per SOP checklist.
WO-0022,CNC-05,Corrective visit on CNC Turning Center 1 at CNC-05 (sensor f,corrective,high,completed,2026-01-06T06:08:00,2026-01-06T08:08:00,2026-01-06T13:14:00,S. Kulkarni,OPERATOR,SEN-IR-09,Corrective visit on CNC Turning Center 1 at CNC-05 (sensor fault): repair completed and function-tested.
WO-0023,CNC-05,Preventive visit on CNC Turning Center 1 at CNC-05: complete,preventive,low,completed,2026-06-08T00:49:00,2026-06-08T02:49:00,2026-06-08T08:37:00,H. Al-Mansoori,OPERATOR,,Preventive visit on CNC Turning Center 1 at CNC-05: completed per SOP checklist.
WO-0024,CNC-06,Corrective visit on CNC Turning Center 2 at CNC-06 (bearing ,corrective,medium,completed,2025-06-04T10:16:00,2025-06-04T12:16:00,2025-06-04T14:22:00,M. Al-Farsi,PLANNER,BRG-AX-17,Corrective visit on CNC Turning Center 2 at CNC-06 (bearing wear): repair completed and function-tested.
WO-0025,CNC-06,Corrective visit on CNC Turning Center 2 at CNC-06 (overstra,corrective,high,completed,2025-12-31T08:03:00,2025-12-31T10:03:00,2025-12-31T15:27:00,J. D'Souza,OPERATOR,,Corrective visit on CNC Turning Center 2 at CNC-06 (overstrain): repair completed and function-tested.
WO-0026,CNC-06,Preventive visit on CNC Turning Center 2 at CNC-06: complete,preventive,low,completed,2026-03-04T06:03:00,2026-03-04T08:03:00,2026-03-04T08:51:00,M. Al-Farsi,PLANNER,,Preventive visit on CNC Turning Center 2 at CNC-06: completed per SOP checklist.
WO-0027,CNC-06,Preventive visit on CNC Turning Center 2 at CNC-06: complete,preventive,low,completed,2026-06-21T05:44:00,2026-06-21T07:44:00,2026-06-21T10:44:00,V. Menon,PLANNER,,Preventive visit on CNC Turning Center 2 at CNC-06: completed per SOP checklist.
WO-0028,CNC-07,Corrective visit on CNC Machining Center 5 at CNC-07 (heat d,corrective,medium,completed,2025-07-16T01:49:00,2025-07-16T03:49:00,2025-07-16T05:13:00,J. D'Souza,PLANNER,COL-CN-08,Corrective visit on CNC Machining Center 5 at CNC-07 (heat dissipation): repair completed and function-tested.
WO-0029,CNC-07,Preventive visit on CNC Machining Center 5 at CNC-07: comple,preventive,low,completed,2025-08-10T19:55:00,2025-08-10T21:55:00,2025-08-11T03:19:00,V. Menon,OPERATOR,,Preventive visit on CNC Machining Center 5 at CNC-07: completed per SOP checklist.
WO-0030,CNC-07,Corrective visit on CNC Machining Center 5 at CNC-07 (spindl,corrective,medium,completed,2026-04-06T20:16:00,2026-04-06T22:16:00,2026-04-06T23:40:00,S. Kulkarni,OPERATOR,SPN-CN-02,Corrective visit on CNC Machining Center 5 at CNC-07 (spindle drift): repair completed and function-tested.
WO-0031,CNC-07,Corrective visit on CNC Machining Center 5 at CNC-07 (bearin,corrective,high,completed,2026-07-21T05:03:00,2026-07-21T07:03:00,2026-07-21T11:57:00,S. Kulkarni,PLANNER,BRG-AX-17,Corrective visit on CNC Machining Center 5 at CNC-07 (bearing wear): repair completed and function-tested.
WO-0032,CNC-08,Preventive visit on CNC Machining Center 6 at CNC-08: comple,preventive,low,completed,2026-01-30T08:28:00,2026-01-30T10:28:00,2026-01-30T13:34:00,J. D'Souza,OPERATOR,,Preventive visit on CNC Machining Center 6 at CNC-08: completed per SOP checklist.
WO-0033,CNC-08,Corrective visit on CNC Machining Center 6 at CNC-08 (heat d,corrective,medium,completed,2026-05-03T23:48:00,2026-05-04T01:48:00,2026-05-04T02:42:00,J. D'Souza,OPERATOR,COL-CN-08,Corrective visit on CNC Machining Center 6 at CNC-08 (heat dissipation): repair completed and function-tested.
WO-0034,CNC-08,Corrective visit on CNC Machining Center 6 at CNC-08 (spindl,corrective,medium,completed,2026-05-07T10:30:00,2026-05-07T12:30:00,2026-05-07T16:12:00,S. Kulkarni,PLANNER,SPN-CN-02,Corrective visit on CNC Machining Center 6 at CNC-08 (spindle drift): repair completed and function-tested.
WO-0035,PRS-01,Corrective visit on Hydraulic Press 1 at PRS-01 (overstrain),corrective,medium,completed,2025-04-15T06:05:00,2025-04-15T08:05:00,2025-04-15T08:53:00,A. Rahman,OPERATOR,,Corrective visit on Hydraulic Press 1 at PRS-01 (overstrain): repair completed and function-tested.
WO-0036,PRS-01,Corrective visit on Hydraulic Press 1 at PRS-01 (electrical ,corrective,medium,completed,2025-05-02T00:33:00,2025-05-02T02:33:00,2025-05-02T03:45:00,J. D'Souza,PLANNER,ELT-CT-31,Corrective visit on Hydraulic Press 1 at PRS-01 (electrical fault): repair completed and function-tested.
WO-0037,PRS-01,Corrective visit on Hydraulic Press 1 at PRS-01 (overstrain),corrective,medium,completed,2025-07-26T11:52:00,2025-07-26T13:52:00,2025-07-26T15:28:00,V. Menon,PLANNER,,Corrective visit on Hydraulic Press 1 at PRS-01 (overstrain): repair completed and function-tested.
WO-0038,PRS-01,Corrective visit on Hydraulic Press 1 at PRS-01 (overstrain),corrective,medium,completed,2026-08-12T09:36:00,2026-08-12T11:36:00,2026-08-12T13:24:00,M. Al-Farsi,OPERATOR,,Corrective visit on Hydraulic Press 1 at PRS-01 (overstrain): repair completed and function-tested.
WO-0039,PRS-02,Corrective visit on Hydraulic Press 2 at PRS-02 (bearing wea,corrective,medium,completed,2026-02-24T23:01:00,2026-02-25T01:01:00,2026-02-25T02:37:00,S. Kulkarni,OPERATOR,BRG-PR-04,Corrective visit on Hydraulic Press 2 at PRS-02 (bearing wear): repair completed and function-tested.
WO-0040,PRS-02,Corrective visit on Hydraulic Press 2 at PRS-02 (hydraulic l,corrective,medium,completed,2026-04-02T07:18:00,2026-04-02T09:18:00,2026-04-02T11:24:00,J. D'Souza,PLANNER,HYD-AS-11,Corrective visit on Hydraulic Press 2 at PRS-02 (hydraulic leak): repair completed and function-tested.
WO-0041,PRS-03,Preventive visit on Hydraulic Press 3 at PRS-03: completed p,preventive,low,completed,2025-04-10T21:44:00,2025-04-10T23:44:00,2025-04-11T01:14:00,V. Menon,OPERATOR,,Preventive visit on Hydraulic Press 3 at PRS-03: completed per SOP checklist.
WO-0042,PRS-03,Corrective visit on Hydraulic Press 3 at PRS-03 (hydraulic l,corrective,medium,completed,2026-03-03T15:20:00,2026-03-03T17:20:00,2026-03-03T20:32:00,J. D'Souza,OPERATOR,HYD-AS-11,Corrective visit on Hydraulic Press 3 at PRS-03 (hydraulic leak): repair completed and function-tested.
WO-0043,PRS-03,Corrective visit on Hydraulic Press 3 at PRS-03 (hydraulic l,corrective,medium,completed,2026-05-04T04:15:00,2026-05-04T06:15:00,2026-05-04T09:21:00,V. Menon,PLANNER,HYD-AS-11,Corrective visit on Hydraulic Press 3 at PRS-03 (hydraulic leak): repair completed and function-tested.
WO-0044,PRS-04,Corrective visit on Hydraulic Press 4 at PRS-04 (hydraulic l,corrective,high,completed,2025-06-30T02:32:00,2025-06-30T04:32:00,2025-06-30T08:44:00,S. Kulkarni,PLANNER,HYD-AS-11,Corrective visit on Hydraulic Press 4 at PRS-04 (hydraulic leak): repair completed and function-tested.
WO-0045,PRS-04,Corrective visit on Hydraulic Press 4 at PRS-04 (hydraulic l,corrective,high,completed,2025-11-05T08:27:00,2025-11-05T10:27:00,2025-11-05T15:57:00,V. Menon,PLANNER,HYD-AS-11,Corrective visit on Hydraulic Press 4 at PRS-04 (hydraulic leak): repair completed and function-tested.
WO-0046,PRS-04,Corrective visit on Hydraulic Press 4 at PRS-04 (bearing wea,corrective,medium,completed,2026-02-16T01:46:00,2026-02-16T03:46:00,2026-02-16T06:34:00,M. Al-Farsi,OPERATOR,BRG-PR-04,Corrective visit on Hydraulic Press 4 at PRS-04 (bearing wear): repair completed and function-tested.
WO-0047,PRS-04,Preventive visit on Hydraulic Press 4 at PRS-04: completed p,preventive,low,completed,2026-03-06T02:27:00,2026-03-06T04:27:00,2026-03-06T08:27:00,A. Rahman,OPERATOR,,Preventive visit on Hydraulic Press 4 at PRS-04: completed per SOP checklist.
WO-0048,PRS-04,Preventive visit on Hydraulic Press 4 at PRS-04: completed p,preventive,low,completed,2026-07-23T01:09:00,2026-07-23T03:09:00,2026-07-23T09:21:00,S. Kulkarni,PLANNER,,Preventive visit on Hydraulic Press 4 at PRS-04: completed per SOP checklist.
WO-0049,ASM-01,Preventive visit on Assembly Robot Cell 1 at ASM-01: complet,preventive,low,completed,2025-11-19T06:33:00,2025-11-19T08:33:00,2025-11-19T12:21:00,M. Al-Farsi,OPERATOR,,Preventive visit on Assembly Robot Cell 1 at ASM-01: completed per SOP checklist.
WO-0050,ASM-01,Corrective visit on Assembly Robot Cell 1 at ASM-01 (belt sl,corrective,medium,completed,2026-08-11T15:54:00,2026-08-11T17:54:00,2026-08-11T20:42:00,S. Kulkarni,PLANNER,BLT-AS-03,Corrective visit on Assembly Robot Cell 1 at ASM-01 (belt slip): repair completed and function-tested.
WO-0051,ASM-02,Corrective visit on Assembly Robot Cell 2 at ASM-02 (belt sl,corrective,medium,completed,2025-04-10T18:07:00,2025-04-10T20:07:00,2025-04-10T22:01:00,V. Menon,PLANNER,BLT-AS-03,Corrective visit on Assembly Robot Cell 2 at ASM-02 (belt slip): repair completed and function-tested.
WO-0052,ASM-02,Preventive visit on Assembly Robot Cell 2 at ASM-02: complet,preventive,low,completed,2025-06-08T20:37:00,2025-06-08T22:37:00,2025-06-09T05:07:00,M. Al-Farsi,OPERATOR,,Preventive visit on Assembly Robot Cell 2 at ASM-02: completed per SOP checklist.
WO-0053,ASM-02,Preventive visit on Assembly Robot Cell 2 at ASM-02: complet,preventive,low,completed,2025-12-19T10:03:00,2025-12-19T12:03:00,2025-12-19T16:03:00,S. Kulkarni,OPERATOR,,Preventive visit on Assembly Robot Cell 2 at ASM-02: completed per SOP checklist.
WO-0054,ASM-02,Preventive visit on Assembly Robot Cell 2 at ASM-02: complet,preventive,low,completed,2026-01-03T13:31:00,2026-01-03T15:31:00,2026-01-03T17:31:00,M. Al-Farsi,OPERATOR,,Preventive visit on Assembly Robot Cell 2 at ASM-02: completed per SOP checklist.
WO-0055,ASM-02,Preventive visit on Assembly Robot Cell 2 at ASM-02: complet,preventive,low,completed,2026-02-05T08:37:00,2026-02-05T10:37:00,2026-02-05T12:01:00,J. D'Souza,PLANNER,,Preventive visit on Assembly Robot Cell 2 at ASM-02: completed per SOP checklist.
WO-0056,ASM-03,Preventive visit on Assembly Robot Cell 3 at ASM-03: complet,preventive,low,completed,2026-02-03T15:26:00,2026-02-03T17:26:00,2026-02-03T18:20:00,H. Al-Mansoori,OPERATOR,,Preventive visit on Assembly Robot Cell 3 at ASM-03: completed per SOP checklist.
WO-0057,ASM-03,Corrective visit on Assembly Robot Cell 3 at ASM-03 (sensor ,corrective,medium,completed,2026-03-11T21:05:00,2026-03-11T23:05:00,2026-03-12T00:23:00,M. Al-Farsi,PLANNER,SEN-VB-02,Corrective visit on Assembly Robot Cell 3 at ASM-03 (sensor fault): repair completed and function-tested.
WO-0058,ASM-03,Preventive visit on Assembly Robot Cell 3 at ASM-03: complet,preventive,low,completed,2026-07-13T07:22:00,2026-07-13T09:22:00,2026-07-13T10:16:00,S. Kulkarni,PLANNER,,Preventive visit on Assembly Robot Cell 3 at ASM-03: completed per SOP checklist.
WO-0059,ASM-03,Preventive visit on Assembly Robot Cell 3 at ASM-03: complet,preventive,low,completed,2026-08-12T22:49:00,2026-08-13T00:49:00,2026-08-13T06:01:00,A. Rahman,OPERATOR,,Preventive visit on Assembly Robot Cell 3 at ASM-03: completed per SOP checklist.
WO-0060,ASM-04,Preventive visit on Assembly Robot Cell 4 at ASM-04: complet,preventive,low,completed,2025-05-04T11:46:00,2025-05-04T13:46:00,2025-05-04T16:10:00,M. Al-Farsi,PLANNER,,Preventive visit on Assembly Robot Cell 4 at ASM-04: completed per SOP checklist.
WO-0061,ASM-04,Corrective visit on Assembly Robot Cell 4 at ASM-04 (belt sl,corrective,high,completed,2025-09-26T19:37:00,2025-09-26T21:37:00,2025-09-27T02:25:00,M. Al-Farsi,OPERATOR,BLT-AS-03,Corrective visit on Assembly Robot Cell 4 at ASM-04 (belt slip): repair completed and function-tested.
WO-0062,ASM-04,Corrective visit on Assembly Robot Cell 4 at ASM-04 (belt sl,corrective,high,completed,2026-07-26T06:31:00,2026-07-26T08:31:00,2026-07-26T13:31:00,A. Rahman,PLANNER,BLT-AS-03,Corrective visit on Assembly Robot Cell 4 at ASM-04 (belt slip): repair completed and function-tested.
WO-0063,ASM-05,Corrective visit on Assembly Robot Cell 5 at ASM-05 (belt sl,corrective,high,completed,2025-09-12T11:53:00,2025-09-12T13:53:00,2025-09-12T19:59:00,A. Rahman,PLANNER,BLT-AS-03,Corrective visit on Assembly Robot Cell 5 at ASM-05 (belt slip): repair completed and function-tested.
WO-0064,ASM-05,Corrective visit on Assembly Robot Cell 5 at ASM-05 (bearing,corrective,medium,completed,2026-03-13T13:34:00,2026-03-13T15:34:00,2026-03-13T16:22:00,S. Kulkarni,OPERATOR,,Corrective visit on Assembly Robot Cell 5 at ASM-05 (bearing wear): repair completed and function-tested.
WO-0065,ASM-05,Corrective visit on Assembly Robot Cell 5 at ASM-05 (belt sl,corrective,high,completed,2026-06-13T05:31:00,2026-06-13T07:31:00,2026-06-13T12:49:00,A. Rahman,OPERATOR,BLT-AS-03,Corrective visit on Assembly Robot Cell 5 at ASM-05 (belt slip): repair completed and function-tested.
WO-0066,PKG-01,Corrective visit on Case Packer 1 at PKG-01 (belt slip): rep,corrective,medium,completed,2025-11-07T15:42:00,2025-11-07T17:42:00,2025-11-07T19:24:00,V. Menon,PLANNER,BLT-PK-05,Corrective visit on Case Packer 1 at PKG-01 (belt slip): repair completed and function-tested.
WO-0067,PKG-01,Preventive visit on Case Packer 1 at PKG-01: completed per S,preventive,low,completed,2026-02-22T03:48:00,2026-02-22T05:48:00,2026-02-22T06:36:00,A. Rahman,PLANNER,,Preventive visit on Case Packer 1 at PKG-01: completed per SOP checklist.
WO-0068,PKG-01,Preventive visit on Case Packer 1 at PKG-01: completed per S,preventive,low,completed,2026-06-16T05:23:00,2026-06-16T07:23:00,2026-06-16T12:23:00,S. Kulkarni,PLANNER,,Preventive visit on Case Packer 1 at PKG-01: completed per SOP checklist.
WO-0069,PKG-02,Preventive visit on Palletizer 1 at PKG-02: completed per SO,preventive,low,completed,2025-04-04T18:22:00,2025-04-04T20:22:00,2025-04-05T01:28:00,J. D'Souza,OPERATOR,,Preventive visit on Palletizer 1 at PKG-02: completed per SOP checklist.
WO-0070,PKG-02,Corrective visit on Palletizer 1 at PKG-02 (belt slip): repa,corrective,medium,completed,2025-08-04T02:29:00,2025-08-04T04:29:00,2025-08-04T05:17:00,H. Al-Mansoori,OPERATOR,CHN-PK-07,Corrective visit on Palletizer 1 at PKG-02 (belt slip): repair completed and function-tested.
WO-0071,PKG-02,Corrective visit on Palletizer 1 at PKG-02 (belt slip): repa,corrective,medium,completed,2026-09-18T01:36:00,2026-09-18T03:36:00,2026-09-18T05:00:00,V. Menon,OPERATOR,CHN-PK-07,Corrective visit on Palletizer 1 at PKG-02 (belt slip): repair completed and function-tested.
WO-0072,PKG-03,Preventive visit on Stretch Wrapper 1 at PKG-03: completed p,preventive,low,completed,2026-03-03T11:35:00,2026-03-03T13:35:00,2026-03-03T18:35:00,H. Al-Mansoori,PLANNER,,Preventive visit on Stretch Wrapper 1 at PKG-03: completed per SOP checklist.
WO-0073,PKG-04,Corrective visit on Labeler 1 at PKG-04 (electrical fault): ,corrective,high,completed,2025-07-09T06:19:00,2025-07-09T08:19:00,2025-07-09T14:25:00,S. Kulkarni,OPERATOR,ELT-CT-31,Corrective visit on Labeler 1 at PKG-04 (electrical fault): repair completed and function-tested.
WO-0074,PKG-04,Preventive visit on Labeler 1 at PKG-04: completed per SOP c,preventive,low,completed,2025-10-27T06:17:00,2025-10-27T08:17:00,2025-10-27T11:59:00,H. Al-Mansoori,OPERATOR,,Preventive visit on Labeler 1 at PKG-04: completed per SOP checklist.
WO-0075,PKG-04,Preventive visit on Labeler 1 at PKG-04: completed per SOP c,preventive,low,completed,2025-12-02T04:36:00,2025-12-02T06:36:00,2025-12-02T10:48:00,A. Rahman,OPERATOR,,Preventive visit on Labeler 1 at PKG-04: completed per SOP checklist.
WO-0076,PKG-04,Preventive visit on Labeler 1 at PKG-04: completed per SOP c,preventive,low,completed,2026-02-02T05:42:00,2026-02-02T07:42:00,2026-02-02T10:18:00,A. Rahman,OPERATOR,,Preventive visit on Labeler 1 at PKG-04: completed per SOP checklist.
WO-0077,PKG-04,Corrective visit on Labeler 1 at PKG-04 (bearing wear): repa,corrective,medium,completed,2026-07-19T07:30:00,2026-07-19T09:30:00,2026-07-19T11:06:00,A. Rahman,OPERATOR,,Corrective visit on Labeler 1 at PKG-04 (bearing wear): repair completed and function-tested.
WO-0078,PKG-04,Corrective visit on Labeler 1 at PKG-04 (bearing wear): repa,corrective,medium,completed,2026-08-19T02:54:00,2026-08-19T04:54:00,2026-08-19T06:00:00,J. D'Souza,PLANNER,,Corrective visit on Labeler 1 at PKG-04 (bearing wear): repair completed and function-tested.
WO-0079,QLT-01,Preventive visit on CMM Station 1 at QLT-01: completed per S,preventive,low,completed,2025-08-30T17:09:00,2025-08-30T19:09:00,2025-08-30T22:39:00,H. Al-Mansoori,PLANNER,,Preventive visit on CMM Station 1 at QLT-01: completed per SOP checklist.
WO-0080,QLT-01,Corrective visit on CMM Station 1 at QLT-01 (sensor fault): ,corrective,medium,completed,2026-03-05T20:08:00,2026-03-05T22:08:00,2026-03-05T23:08:00,S. Kulkarni,PLANNER,SEN-VB-02,Corrective visit on CMM Station 1 at QLT-01 (sensor fault): repair completed and function-tested.
WO-0081,QLT-01,Corrective visit on CMM Station 1 at QLT-01 (sensor fault): ,corrective,high,completed,2026-05-19T13:02:00,2026-05-19T15:02:00,2026-05-19T20:20:00,H. Al-Mansoori,PLANNER,SEN-VB-02,Corrective visit on CMM Station 1 at QLT-01 (sensor fault): repair completed and function-tested.
WO-0082,QLT-01,Preventive visit on CMM Station 1 at QLT-01: completed per S,preventive,low,completed,2026-06-21T15:32:00,2026-06-21T17:32:00,2026-06-21T18:38:00,A. Rahman,PLANNER,,Preventive visit on CMM Station 1 at QLT-01: completed per SOP checklist.
WO-0083,QLT-01,Preventive visit on CMM Station 1 at QLT-01: completed per S,preventive,low,completed,2026-06-30T22:34:00,2026-07-01T00:34:00,2026-07-01T05:40:00,J. D'Souza,PLANNER,,Preventive visit on CMM Station 1 at QLT-01: completed per SOP checklist.
WO-0084,QLT-01,Corrective visit on CMM Station 1 at QLT-01 (sensor fault): ,corrective,medium,completed,2026-07-22T02:42:00,2026-07-22T04:42:00,2026-07-22T07:12:00,A. Rahman,PLANNER,SEN-VB-02,Corrective visit on CMM Station 1 at QLT-01 (sensor fault): repair completed and function-tested.
WO-0085,QLT-02,Corrective visit on Vision Inspection 1 at QLT-02 (sensor fa,corrective,medium,completed,2025-08-11T22:19:00,2025-08-12T00:19:00,2025-08-12T04:01:00,A. Rahman,OPERATOR,SEN-VB-02,Corrective visit on Vision Inspection 1 at QLT-02 (sensor fault): repair completed and function-tested.
WO-0086,QLT-02,Preventive visit on Vision Inspection 1 at QLT-02: completed,preventive,low,completed,2026-05-14T09:19:00,2026-05-14T11:19:00,2026-05-14T15:13:00,S. Kulkarni,PLANNER,,Preventive visit on Vision Inspection 1 at QLT-02: completed per SOP checklist.
WO-0087,QLT-02,Preventive visit on Vision Inspection 1 at QLT-02: completed,preventive,low,completed,2026-07-09T00:46:00,2026-07-09T02:46:00,2026-07-09T04:28:00,A. Rahman,PLANNER,,Preventive visit on Vision Inspection 1 at QLT-02: completed per SOP checklist.
WO-0088,QLT-03,Corrective visit on CMM Station 2 at QLT-03 (calibration dri,corrective,medium,completed,2025-06-10T00:32:00,2025-06-10T02:32:00,2025-06-10T04:56:00,M. Al-Farsi,PLANNER,GN-QLT-06,Corrective visit on CMM Station 2 at QLT-03 (calibration drift): repair completed and function-tested.
WO-0089,QLT-03,Preventive visit on CMM Station 2 at QLT-03: completed per S,preventive,low,completed,2025-08-20T22:53:00,2025-08-21T00:53:00,2025-08-21T04:17:00,A. Rahman,PLANNER,,Preventive visit on CMM Station 2 at QLT-03: completed per SOP checklist.
WO-0090,QLT-03,Corrective visit on CMM Station 2 at QLT-03 (sensor fault): ,corrective,medium,completed,2025-12-06T02:23:00,2025-12-06T04:23:00,2025-12-06T06:17:00,A. Rahman,PLANNER,SEN-VB-02,Corrective visit on CMM Station 2 at QLT-03 (sensor fault): repair completed and function-tested.
WO-0091,QLT-03,Preventive visit on CMM Station 2 at QLT-03: completed per S,preventive,low,completed,2025-12-13T12:23:00,2025-12-13T14:23:00,2025-12-13T19:05:00,S. Kulkarni,OPERATOR,,Preventive visit on CMM Station 2 at QLT-03: completed per SOP checklist.
WO-0092,QLT-03,Preventive visit on CMM Station 2 at QLT-03: completed per S,preventive,low,completed,2026-01-25T22:02:00,2026-01-26T00:02:00,2026-01-26T04:38:00,M. Al-Farsi,OPERATOR,,Preventive visit on CMM Station 2 at QLT-03: completed per SOP checklist.
WO-0093,PRS-03,Quarterly hydraulic PM - press 3,preventive,medium,in_progress,2026-09-30T21:00:00,2026-10-02T00:00:00,,V. Menon,PLANNER,HYD-AS-11,"Scheduled quarterly hydraulic maintenance: seal kit, oil change, filter replacement."
WO-0094,ASM-03,Axis 2 timing belt replacement,corrective,high,in_progress,2026-10-02T15:00:00,2026-10-02T18:00:00,,V. Menon,OPERATOR,BLT-AS-03,Belt slip detected during cycle audit; replacement in progress.
WO-0095,PKG-02,Palletizer slew bearing inspection,inspection,medium,in_progress,2026-10-02T10:00:00,2026-10-02T16:00:00,,V. Menon,PLANNER,,Inspect slewing ring after intermittent alarm; grease and re-torque.
WO-0096,CNC-03,Replace spindle front bearing (BRG-AX-17),corrective,critical,proposed,2026-10-02T21:00:00,2026-10-04T07:00:00,,V. Menon,FACTORA_AGENT,BRG-AX-17,"PROPOSED by Factora: bearing-failure risk predicted from a 5-day rising vibration (2.4 -> 5.3 mm/s RMS) and bearing temperature (62 -> 71 C); two prior bearing repairs on record (Dec 2025, May 2026). BRG-AX-17 in stock (2 of reorder point 3). Window: Sunday 2026-10-04 07:00 - lowest production impact."
WO-0097,CNC-06,Investigate rising vibration trend,inspection,high,proposed,2026-10-02T19:00:00,2026-10-05T07:00:00,,V. Menon,FACTORA_AGENT,SEN-VB-02,PROPOSED by Factora: gradual vibration drift (+0.8 mm/s over 4 days) detected on CNC-06; inspection recommended before it escalates.
